T1_Completion,T1_Time,T2_Completion,T2_Time,T3_Completion,T3_Time,T4_Completion,T4_Time,T5_Completion,T5_Time,SUS,User
Pass,378,Pass,263,Pass,5,Pass,159,Pass,109,39,MetaMask
Pass,397,Pass,235,Fail,NA,Fail,NA,Fail,NA,52,MetaMask
Fail,NA,Pass,249,Fail,NA,Pass,284,Pass,118,66,MetaMask
Fail,NA,Pass,232,Fail,NA,Pass,241,Pass,97,42,MetaMask
Pass,342,Pass,238,Pass,53,Pass,259,Fail,NA,59,MetaMask
Pass,356,Pass,204,Fail,NA,Pass,95,Pass,138,64,MetaMask
Fail,NA,Pass,228,Fail,NA,Pass,142,Pass,108,36,MetaMask
Pass,389,Pass,119,Fail,NA,Pass,310,Fail,NA,61,MetaMask
Pass,291,Pass,244,Pass,59,Pass,273,Pass,55,37,MetaMask
Pass,383,Pass,151,Pass,94,Pass,246,Pass,82,40,MetaMask
Fail,NA,Pass,226,Pass,30,Pass,208,Pass,75,47,MetaMask
Fail,NA,Pass,178,Fail,NA,Pass,200,Pass,107,50,MetaMask
Pass,354,Pass,211,Pass,73,Fail,NA,Pass,91,66,MetaMask
Fail,NA,Pass,178,Pass,105,Pass,245,Pass,61,70,MetaMask
Pass,298,Pass,174,Pass,82,Pass,232,Pass,170,56,MetaMask
Pass,211,Pass,232,Fail,NA,Pass,268,Pass,284,52,Argent
Pass,141,Pass,227,Pass,107,Pass,457,Fail,NA,80,Argent
Pass,205,Fail,NA,Pass,61,Fail,NA,Fail,NA,84,Argent
Fail,NA,Pass,265,Pass,107,Pass,307,Pass,234,69,Argent
Pass,197,Pass,306,Pass,105,Pass,289,Pass,233,68,Argent
Pass,189,Pass,246,Pass,33,Pass,355,Pass,272,73,Argent
Pass,234,Pass,296,Pass,85,Fail,NA,Fail,NA,62,Argent
Pass,168,Pass,246,Pass,75,Pass,352,Fail,NA,65,Argent
Pass,195,Pass,246,Pass,113,Fail,NA,Fail,NA,50,Argent
Pass,208,Pass,210,Pass,64,Fail,NA,Fail,NA,70,Argent
Pass,138,Pass,200,Pass,78,Pass,426,Fail,NA,62,Argent
Pass,208,Pass,145,Fail,NA,Fail,NA,Pass,239,77,Argent
Pass,158,Pass,279,Fail,NA,Pass,300,Pass,295,64,Argent
Pass,176,Pass,259,Pass,72,Pass,347,Fail,NA,61,Argent
Pass,207,Pass,232,Pass,78,Fail,NA,Fail,NA,60,Argent
Fail,NA,Pass,44,Pass,87,Fail,NA,Pass,302,98,Coinbase
Pass,174,Pass,71,Pass,118,Fail,NA,Pass,229,72,Coinbase
Pass,77,Pass,69,Pass,108,Fail,NA,Pass,235,81,Coinbase
Fail,NA,Pass,45,Pass,110,Fail,NA,Fail,NA,81,Coinbase
Pass,147,Pass,55,Pass,108,Fail,NA,Pass,237,72,Coinbase
Pass,119,Pass,29,Pass,117,Fail,NA,Fail,NA,67,Coinbase
Pass,132,Pass,53,Pass,114,Fail,NA,Pass,144,79,Coinbase
Pass,99,Pass,46,Pass,119,Pass,397,Pass,200,75,Coinbase
Pass,106,Pass,60,Fail,NA,Pass,565,Fail,NA,65,Coinbase
Pass,161,Pass,48,Pass,120,Fail,NA,Pass,208,93,Coinbase
Pass,117,Pass,52,Pass,120,Fail,NA,Pass,164,80,Coinbase
Pass,135,Pass,45,Pass,132,Fail,NA,Pass,194,86,Coinbase
Pass,91,Pass,65,Pass,109,Pass,289,Pass,91,66,Coinbase
Pass,145,Pass,41,Fail,NA,Pass,409,Pass,91,83,Coinbase
Pass,111,Pass,70,Pass,113,Fail,NA,Pass,195,82,Coinbase